,,Redzes uzman?ba (pap?ra versija),,
,,TMT A,TMT B,
Dzimums,V?rdi/min R,"L(sek) P, A","L(sek) P, B",Vecums  
V,17.72,,,7
V,13.03,,,7
V,58.38,80,,7
S,47.57,159,,7
V,13.09,149,,7
S,43.02,128,,7
S,29.19,108,,7
S,26.34,94,,7
V,15.34,,,7
V,5.76,,,8
S,20.09,,,7
S,21.38,,,7
V,11.02,,,7
S,4.48,,,7
V,27.00,,,7
S,21.18,,,6
V,76.52,,,7
S,163.04,33,67,16
V,107.14,26,69,17
V,147.06,29,68,16
V,135.27,20,34,16
S,81.52,54,111,8
S,25.00,68,232,8
V,54.44,39,84,8
S,100.36,24,152,9
S,65.22,,,7
S,70.09,52,166,8
S,35.26,60,134,8
S,29.40,52,,8
S,46.15,61,209,8
S,55.56,38,,9
V,33.63,46,98,9
V,85.23,37,192,9
V,81.52,55,,9
S,83.23,52,,9
V,87.95,77,125,9
S,107.14,62,96,9
S,61.48,57,185,9
V,86.97,53,184,9
V,42.72,83,,9
S,122.95,38,136,10
V,129.31,57,156,9
V,88.19,38,? ,10
V,99.23,56,96,10
V,100.52,60,123,10
V,97.89,42,107,10
S,144.23,44,184,10
V,109.23,59,107,10
V,97.89,71,217,9
S,111.11,44,106,10
S,97.89,58,137,9
S,97.40,31,61,10
V,84.27,32,130,10
S,166.67,40,105,10
V,87.95,38,295,12
S,63.93,40,185,13
V,72.12,46,290,11
V,101.84,,,14
S,159.57,32,,14
V,122.86,82,202,14
V,122.86,57,83,14
S,131.19,50,99,14
V,133.45,48,104,14
S,159.57,35,158,14
V,122.95,33,60,15
S,95.56,36,83,15
S,127.12,35,69,15
S,182.93,22,48,15
S,77.50,30,82,15
S,133.93,31,94,15
V,120.97,30,128,15
S,163.04,27,79,15
V,163.04,36,106,16
V,120.94,34,66,17
V,127.12,24,45,15
S,141.51,23,41,14
V,138.89,35,66,15
S,70.40,,,7
S,13.93,102,,7
V,60.00,58,214,7
V,34.42,79,,7
V,33.00,61,,7
S,25.63,71,251,7
S,19.50,204,,6
V,50.00,,,7
V,30.46,73,,7
V,20.20,205,,7
V,23.76,,,7
S,120.00,47,85,16
S,144.44,22,96,16
V,115.52,48,63,15
S,151.76,27,74,16
V,104.59,32,132,17
S,121.88,48,87,16
V,131.19,29,63,16
V,169.57,33,59,17
V,144.44,39,74,16
S,177.27,25,60,16
V,97.97,53,75,17
V,92.86,44,70,17
S,75.88,27,56,18
S,159.18,33,48,18
V,118.18,23,74,18
V,125.81,33,66,18
S,144.44,52,122,18
S,147.17,32,104,18
V,175.91,26,88,18
S,28.99,,,8
S,38.70,,,8
S,31.80,,,8
V,48.45,,,8
S,63.97,,,8
S,88.24,37,102,9
S,85.16,40,175,9
V,64.71,53,,9
V,61.40,47,?,9
S,37.50,66,137,8
V,130.00,70,,9
S,73.58,,,9
V,52.35,,,8
S,34.56,,,9
S,35.50,,,9
V,57.35,,,9
V,106.29,,,8
S,41.39,,,9
V,64.39,,,9
V,56.12,,,8
S,104.52,45,92,10
S,130.91,51,185,10
S,100.00,46,118,10
V,124.84,43,197,10
S,91.06,49,118,10
V,81.08,49,118,10
S,142.22,27,100,10
S,96.77,28,86,10
V,114.29,37,81,10
S,136.36,63,172,10
S,129.73,53,91,10
S,101.05,47,76,10
V,83.87,,,11
S,87.64,,,11
V,113.91,,,11
V,86.67,,,11
V,90.70,,,12
V,102.63,,,11
S,117.19,,,12
S,90.00,40,,11
V,111.94,33,103,11
V,138.89,59,126,11
V,117.78,97,216,11
S,88.24,38,225,11
V,100.00,40,,10
V,133.71,44,112,11
S,106.67,76,89,11
V,104.00,,,12
V,113.64,,,12
S,118.18,,,12
S,105.41,,,12
S,133.45,,,12
V,114.71,,,12
V,120.00,,,12
S,136.84,,,12
S,84.52,,,12
V,127.87,,,12
S,111.43,,,12
V,142.91,,,11
V,86.00,,,14
V,120.00,,,13
V,169.57,,,13
V,141.82,,,13
V,106.03,,,13
V,110.57,,,13
S,133.45,,,14
S,142.64,,,13
S,122.95,,,13
S,144.44,,,13
S,120.92,,,13
S,104.59,,,13
S,162.50,,,13
V,97.50,,,13
S,141.82,32,66,14
V,138.96,46,99,14
V,182.93,25,53,14
S,131.58,21,66,14
V,169.57,31,79,14
S,127.87,50,75,14
V,93.98,42,68,14
S,156.00,30,54,14
V,112.73,23,?,14
S,161.25,40,52,13
V,102.74,24,71,14
S,162.50,,,13
S,177.27,,,14
S,107.50,,,14
V,105.41,,,14
S,114.71,,,14
S,130.00,,,15
S,141.51,,,15
V,141.51,,,16
V,139.29,,,15
V,107.50,,,15
V,81.88,,,15
S,151.76,,,15
S,123.81,,,15
V,141.82,,,15
S,127.87,,,15
V,139.29,,,15
V,168.26,,,15
V,129.00,,,15
S,159.18,34,56,15
S,159.15,26,54,16
V,159.57,29,66,16
V,130.00,29,54,16
V,150.00,22,56,16
V,152.94,35,52,16
V,162.50,32,50,16
V,131.19,27,44,15
V,137.14,36,63,16
V,156.00,29,41,16
V,141.82,29,75,16
S,165.96,,,15
S,162.50,,,16
S,143.33,,,16
V,173.33,27,87,16
V,124.20,22,57,15
V,134.48,35,57,16
S,148.85,35,62,15
V,104.00,24,64,16
S,161.25,32,70,16
V,131.19,38,121,16
V,128.08,18,59,16
V,109.01,35,74,15
V,137.48,26,56,16
S,159.18,22,37,16
V,142.08,38,61,16
V,104.59,25,150,15
V,152.94,25,62,15
S,138.89,45,76,16
S,187.50,29,57,16
S,182.79,22,43,16
S,161.25,17,53,15
S,162.50,26,57,16
S,174.42,35,78,15
V,165.96,18,44,16
S,166.67,34,148,16
S,153.24,20,52,16
S,147.45,22,43,16
S,154.80,17,35,15
S,165.96,21,61,16
V,157.96,32,78,16
S,147.19,18,63,15
S,144.23,,,16
V,146.04,,,16
S,210.81,30,62,16
S,120.94,,,16
S,148.30,,,16
S,168.26,17,38,17
S,164.47,17,51,17
S,152.94,24,53,17
S,200.53,28,51,17
S,157.56,24,53,17
S,159.18,29,92,17
S,150.00,39,61,17
S,174.42,23,81,17
S,154.96,37,62,17
V,150.38,42,91,11
S,157.96,29,48,17
S,115.91,55,99,11
S,114.00,26,87,11
S,150.58,65,85,11
V,147.93,55,63,17
V,134.05,25,48,17
S,128.08,88,216,11
S,116.24,26,54,12
V,125.27,57,,11
V,147.19,44,94,12
V,119.08,54,96,11
S,92.86,25,91,17
S,164.68,28,62,17
S,160.69,30,56,16
S,156.00,24,47,17
S,118.72,44,63,11
S,126.83,39,78,11
S,181.60,17,42,17
S,187.50,39,90,17
S,156.00,29,63,17
V,163.76,28,56,17
S,177.27,38,115,17
S,88.40,58,109,11
S,173.72,39,50,17
S,146.77,33,59,17
S,190.24,31,64,17
S,202.70,36,67,18
S,164.21,30,51,17
S,198.46,20,50,17
V,108.74,33,89,11
V,76.04,37,88,12
S,166.67,54,58,17
S,173.93,27,63,16
S,185.71,41,61,18
S,200.53,16,43,19
S,156.00,31,50,18
S,152.94,29,60,17
S,133.45,45,92,19
S,141.51,26,57,18
S,147.17,39,84,18
S,144.71,25,64,18
V,136.84,28,63,18
S,148.85,52,104,18
S,175.91,23,37,17
S,159.18,40,75,17
S,162.50,35,50,18
S,144.09,39,57,18
V,119.08,,,13
S,119.08,,,13
S,103.42,,,12
V,146.04,,,13
V,174.42,,,13
V,159.18,,,13
V,96.75,,,13
S,168.26,,,13
S,139.29,,,13
V,104.59,,,13
S,147.17,,,13
S,159.18,,,13
S,156.25,,,13
S,124.84,,,13
V,132.20,,,12
S,174.67,,,13
V,137.14,,,13
S,120.00,,,13
S,147.17,,,13
V,150.00,,,13
V,174.42,,,13
S,151.76,,,12
S,122.95,,,13
V,112.17,,,13
V,114.71,,,13
V,60.94,,,13
S,141.82,,,13
V,114.71,,,13
V,120.00,,,13
V,195.00,,,13
V,121.90,,,13
S,236.36,,,13
V,152.94,,,13
V,151.76,,,13
S,77.58,,,13
S,129.00,,,15
V,123.81,,,14
V,113.04,,,14
V,97.22,,,13
V,161.25,,,14
S,120.92,,,14
S,166.67,,,14
S,165.96,,,14
S,163.04,,,14
V,173.33,,,14
V,147.17,,,13
S,141.82,,,14
S,119.08,,,14
V,124.84,,,14
V,100.52,,,14
V,150.00,,,14
V,144.23,,,14
V,156.25,,,14
S,187.14,,,14
V,129.00,,,14
V,129.00,,,14
S,124.84,,,14
S,153.75,,,14
V,118.18,,,13
S,148.30,,,14
S,114.71,,,14
V,112.17,,,15
V,156.00,,,15
S,187.50,,,15
S,136.84,,,15
S,154.80,,,15
V,126.89,,,15
V,138.89,,,15
S,241.94,,,15
V,144.44,,,15
S,136.84,,,15
S,175.91,,,14
S,150.00,,,15
V,139.64,,,15
S,168.26,,,15
S,107.50,,,15
S,124.17,36,127,11
S,165.96,32,83,11
V,116.31,56,84,11
V,96.10,38,,12
V,124.01,36,133,11
S,114.41,41,71,11
V,78.23,38,138,11
S,137.41,25,74,12
S,143.59,36,89,11
S,120.37,62,75,12
S,82.12,44,73,11
S,116.24,32,85,11
V,97.99,49,101,12
S,125.85,57,66,11
V,118.25,48,58,12
S,112.98,47,87,12
S,148.85,40,82,12
S,127.04,51,79,12
S,153.85,28,57,12
S,109.63,33,72,11
S,151.43,43,57,12
V,137.98,37,52,12
S,155.18,41,64,12
S,120.54,30,68,12
S,117.44,45,96,12
S,106.87,36,102,12
V,139.86,33,63,11
V,109.40,48,68,12
V,137.08,38,72,12
V,140.67,44,75,12
S,134.72,40,95,12
S,108.03,48,121,11
S,126.83,24,94,11
V,145.79,44,,11
S,133.04,45,106,11
S,131.13,25,59,14
V,145.25,34,57,15
V,155.07,28,67,15
V,154.15,30,101,15
V,160.16,32,83,11
V,123.79,48,116,11
S,118.43,44,119,14
S,128.36,37,65,14
S,119.63,36,57,14
V,122.26,66,99,14
V,132.47,42,135,14
V,176.47,23,73,14
V,121.44,25,48,14
S,130.52,20,62,14
S,130.41,28,50,14
V,148.02,36,87,14
S,156.19,27,75,14
V,107.14,23,108,15
V,137.40,24,76,15
V,171.98,38,94,14
S,138.32,41,53,14
S,164.78,20,42,14
V,140.29,33,59,14
S,153.24,24,59,14
S,155.03,27,45,14
S,169.20,32,64,13
S,135.23,23,55,14
V,130.11,25,79,14
V,183.53,24,39,14
V,133.96,34,93,14
V,115.37,65,74,14
S,122.52,27,72,12
S,152.64,60,77,13
S,154.46,25,52,12
S,149.15,44,145,12
S,126.42,64,113,13
V,129.99,42,90,14
S,145.01,30,71,14
S,174.77,39,52,13
S,149.80,32,74,13
S,138.79,34,75,13
S,154.36,51,80,13
S,160.68,57,86,13
V,189.32,29,88,14
V,126.01,33,57,13
S,157.65,35,117,13
V,128.09,38,61,13
V,171.21,27,55,12
S,127.66,28,145,13
V,158.36,21,63,13
S,149.25,31,53,13
S,165.74,61,84,13
V,153.54,19,41,13
V,123.22,22,54,13
S,132.21,38,79,13
S,137.57,43,63,13
V,113.07,,,9
V,41.12,,,9
S,115.69,96,174,10
V,105.41,53,81,10
S,97.75,41,90,11
S,69.00,58,152,10
S,121.46,89,175,10
S,125.44,47,103,10
S,147.45,56,176,10
S,101.69,60,133,10
S,107.29,60,107,8
S,65.93,52,115,8
V,116.84,,,9
S,57.78,34,89,8
S,68.05,60,124,8
V,71.21,96,184,8
S,62.57,62,132,8
S,73.95,63,113,8
S,113.14,45,103,9
S,88.17,60,175,8
V,130.39,43,74,8
V,52.96,38,182,8
V,51.08,61,163,8
V,56.71,,,9
V,15.72,66,377,7
S,58.83,74,141,8
S,85.82,69,353,7
S,94.32,73,109,8
S,63.06,47,314,8
S,91.98,52,103,8
V,106.22,49,203,8
S,33.24,117,172,7
V,98.89,66,278,8
V,95.44,55,134,11
V,71.56,,,9
S,62.08,136,208,8
S,50.10,33,167,8
S,111.08,33,69,10
S,101.55,56,327,11
S,130.22,50,107,10
V,96.30,56,120,10
S,123.87,47,107,10
V,128.79,47,175,10
S,104.86,39,83,10
S,97.01,51,128,10
S,144.15,,,9
s,,40,71,11
v,,22,83,11
S,173.33,,,15
V,169.57,,,15
S,144.44,,,15
S,175.91,,,14
S,157.26,29,62,15
S,154.80,28,37,15
S,151.76,31,59,15
V,173.33,18,37,14
S,125.90,19,47,14
S,169.57,24,61,15
S,150.00,35,108,15
S,157.96,35,54,15
V,131.58,25,39,15
S,152.94,45,81,15
S,52.02,,,7
V,17.06,,,7
V,19.26,,,7
S,41.25,,,7
S,29.52,,,7
S,37.83,,,6
S,42.35,,,7
S,93.98,,,6
S,29.00,,,7
S,29.85,,,7
V,57.10,,,7
S,20.72,,,7
V,20.28,,,7
V,47.79,,,7
S,29.27,,,7
V,32.45,,,6
S,62.48,,,7
S,38.37,,,7
S,30.51,50,,7
V,75.52,58,150,7
V,71.43,114,,7
S,27.86,82,181,8
V,7.50,78,,7
S,39.66,84,314,7
V,34.29,56,166,7
S,12.05,154,,7
S,125.24,,,16
S,152.30,,,16
S,140.34,,,17
S,153.66,,,16
S,187.59,,,16
V,128.69,,,16
V,126.38,,,16
S,156.75,,,16
V,118.66,,,17
V,134.11,,,16
V,139.03,,,17
V,138.81,,,16
V,143.33,14,126,17
V,128.03,,,17
V,155.22,,,17
V,108.07,,,17
S,131.58,,,17
S,162.78,,,17
V,178.64,,,17
S,131.75,,,17
V,128.06,,,18
V,139.21,,,18
S,153.60,,,18
S,179.10,,,17
S,140.69,,,18
S,176.75,,,18
S,104.87,,,8
S,115.59,,,8
V,66.46,,,8
S,47.03,,,8
V,27.97,,,8
V,79.82,,,8
S,48.28,,,8
S,64.21,,,8
V,46.89,,,8
S,72.98,,,8
S,89.23,,,8
S,108.60,,,8
S,34.84,,,8
V,69.14,,,8
V,23.64,70,235,8
V,125.00,39,236,8
V,50.85,49,144,8
V,120.00,43,,8
S,47.14,48,167,8
V,68.94,50,,8
S,53.57,78,238,8
S,73.17,71,,8
V,54.55,,,8
V,60.00,51,,9
S,41.25,70,,8
V,60.00,58,,8
S,82.50,59,122,12
S,166.67,78,243,8
V,103.13,65,132,7
S,83.27,,,9
S,86.37,,,9
S,116.52,,,9
S,103.08,,,9
V,94.70,,,9
V,121.79,,,9
V,148.30,,,9
V,59.55,,,9
S,156.00,,,9
V,25.38,70,,9
S,85.09,45,110,9
V,96.14,56,212,8
S,75.29,57,123,9
S,96.87,52,123,9
V,117.00,54,94,9
S,93.75,48,96,8
S,107.14,66,173,9
S,63.45,,,9
S,62.56,,,9
S,61.44,,,8
S,121.52,,,9
S,93.48,,,9
V,87.58,,,9
S,55.24,,,9
S,88.26,,,9
S,137.08,,,9
V,41.05,56,196,11
V,66.86,35,135,10
S,154.80,34,74,10
S,144.44,32,66,11
S,150.58,29,122,10
V,81.10,,,10
V,91.76,,,11
S,89.66,,,10
S,140.73,,,10
S,84.52,,,10
S,136.84,,,11
V,72.90,,,11
V,95.12,,,10
V,76.47,,,10
V,63.50,,,10
S,87.59,,,10
V,99.58,,,10
S,107.93,,,9
V,95.88,,,10
V,44.10,,,10
S,150.64,,,10
S,162.00,36,154,11
V,108.49,57,107,11
V,127.06,48,109,11
V,88.97,37,114,11
V,80.65,38,148,10
S,124.84,40,80,11
S,100.52,48,103,11
V,131.58,32,79,11
S,110.70,44,83,11
S,109.86,22,60,11
S,93.59,49,108,11
S,71.36,21,51,11
S,106.22,31,75,11
S,121.68,51,69,11
S,128.04,,,11
S,118.05,,,11
V,88.74,,,11
S,115.92,,,11
V,129.75,,,11
V,129.02,,,11
v,,55,,12
S,127.30,,,11
V,90.05,,,11
S,97.42,,,11
V,163.04,25,73,12
S,63.46,44,148,12
V,106.85,41,,12
S,168.26,40,68,12
S,119.08,30,119,12
S,96.30,35,81,12
V,96.59,45,203,12
S,154.80,43,95,12
V,132.41,32,115,8
S,141.82,34,66,12
V,110.48,32,61,12
V,117.82,52,258,12
S,97.01,41,141,12
S,185.71,38,45,12
V,135.79,45,70,12
S,124.58,,,12
V,71.47,,,12
V,150.86,,,12
S,149.80,,,12
S,129.16,,,12
S,139.46,,,12
S,130.15,,,12
V,127.16,,,12
S,133.84,,,12
S,89.13,,,12
V,95.66,,,12
S,157.96,,,12
V,84.12,,,12
S,101.00,,,12
V,155.45,,,11
S,128.87,,,12
V,135.37,,,12
V,84.68,,,12
V,130.89,,,12
S,120.04,,,13
V,118.58,,,13
S,165.61,,,13
V,181.48,,,13
S,164.35,,,13
V,132.29,,,13
V,130.21,,,13
S,127.08,,,13
S,138.59,,,13
s,,37,118,11
V,153.94,,,13
V,96.99,,,12
V,154.76,,,12
S,147.71,,,13
V,146.23,,,13
V,96.42,,,13
V,183.11,,,14
V,184.09,,,14
V,126.27,,,14
V,121.91,,,14
V,121.76,,,14
V,144.86,,,13
V,166.92,,,14
V,127.08,,,13
S,148.90,,,15
V,123.85,,,14
S,150.94,,,14
S,142.40,,,14
S,184.05,,,14
S,148.91,,,14
S,118.40,,,14
V,134.19,,,14
S,139.31,,,14
V,151.96,,,14
S,180.93,,,14
S,143.75,,,14
S,125.02,,,14
S,126.95,,,14
S,170.53,,,13
V,76.51,,,14
S,179.08,,,13
V,138.99,,,15
V,122.75,,,15
V,149.13,,,15
V,162.40,,,16
V,167.49,,,15
V,133.45,,,15
S,125.71,33,68,15
S,151.76,29,54,15
S,140.36,20,153,15
S,165.96,26,68,15
S,97.50,41,55,12
S,125.98,38,98,12
S,91.87,,,9
V,48.44,,,9
V,44.07,,,9
S,45.08,,,9
S,91.10,,,10
S,92.29,,,10
V,89.47,,,11
S,98.39,,,10
S,106.46,,,10
S,120.41,,,9
S,133.93,44,85,12
V,118.35,,,10
V,114.05,,,10
V,95.23,,,8
V,55.69,,,9
V,53.20,,,8
V,29.01,,,8
V,54.07,,,8
V,30.93,,,8
V,48.42,,,8
V,49.32,,,8
S,143.83,52,86,12
S,40.90,,,8
S,79.10,,,8
V,55.55,,,8
S,46.75,,,8
V,67.98,,,8
V,103.64,,,9
S,62.38,,,8
S,77.81,,,9
S,50.04,,,9
S,86.11,,,9
V,75.96,27,132,13
S,96.08,,,9
V,61.01,,,10
S,85.39,,,9
S,78.52,,,9
S,36.86,,,7
S,75.03,,,9
S,47.17,,,7
V,71.96,,,7
V,86.58,,,14
V,143.51,,,13
V,126.32,37,100,13
V,171.35,,,13
V,133.93,,,13
V,133.54,,,13
V,150.91,,,14
V,83.01,,,15
V,141.28,,,14
S,127.10,,,14
S,121.76,,,14
V,128.44,,,14
V,145.93,,,14
V,129.00,27,51,13
V,125.40,,,14
V,120.93,,,14
S,120.61,,,15
S,148.02,,,13
S,115.20,,,14
S,180.56,,,14
S,129.61,,,14
S,152.34,,,14
S,139.29,53,154,13
S,121.83,,,14
S,153.85,,,14
S,174.11,,,14
S,132.06,,,13
S,148.44,50,73,13
S,127.64,41,61,13
S,132.20,36,62,13
S,150.17,43,124,12
S,156.25,,,13
V,121.46,44,152,12
S,150.00,42,187,12
S,109.71,46,101,12
V,60.00,32,146,12
S,137.65,26,85,12
S,125.81,43,99,13
V,151.76,37,121,12
V,113.27,52,104,12
S,102.81,42,145,13
S,181.40,33,153,12
S,150.00,62,84,12
S,135.09,25,50,12
S,91.76,35,96,12
S,139.82,45,85,15
S,144.84,43,126,14
S,182.97,28,55,15
V,144.44,36,77,15
V,124.84,34,55,15
S,117.19,42,69,14
V,141.18,47,62,15
V,160.41,34,69,15
S,141.51,46,79,11
V,140.79,31,106,11
S,135.20,39,70,11
S,122.71,24,93,11
S,82.98,56,187,12
V,109.71,26,67,11
V,23.57,96,293,7
V,101.05,58,96,7
S,141.82,59,217,8
V,164.68,49,102,12
V,60.00,72,,6
V,50.83,62,209,7
S,33.68,98,,7
V,52.31,66,,7
V,81.68,65,,7
V,88.48,62,,8
V,51.91,59,258,8
V,45.54,64,,8
V,89.55,44,?,7
V,26.88,46,?,8
S,153.21,36,227,11
V,66.64,95,222,8
V,41.59,195,,8
S,113.01,56,,9
S,54.67,90,,8
S,131.97,36,106,11
S,122.51,29,77,11
V,80.43,,,10
S,88.31,57,123,11
S,176.07,33,67,10
V,107.61,65,249,11
V,72.07,64,84,12
S,158.22,69,,11
S,116.88,42,122,11
V,94.59,45,134,11
V,140.00,26,62,15
S,56.25,37,158,11
S,101.76,37,94,11
S,130.84,38,,11
V,145.13,37,98,14
V,101.04,27,,14
V,93.39,27,74,14
V,152.94,44,78,12
V,110.08,49,,15
S,132.47,,,10
V,88.25,,,9
S,137.18,,,10
V,98.61,,,10
V,118.24,,,10
V,102.75,,,11
S,136.92,,,10
V,173.33,56,95,12
S,114.58,,,10
V,94.22,,,10
V,84.64,,,10
S,71.47,,,9
S,51.84,,,9
S,78.91,,,9
S,63.76,,,9
S,79.32,,,9
V,66.02,,,9
S,60.71,,,9
V,38.14,67,,7
V,25.82,115,,7
S,12.78,68,,7
V,104.35,69,,7
S,47.94,56,,7
S,60.59,59,,7
S,164.33,61,,7
S,24.47,89,,7
V,20.01,68,,7
V,36.94,54,,7
S,31.10,70,,7
S,24.18,,,7
S,43.66,,,7
S,67.38,,,7
S,77.99,,,7
S,83.81,,,7
S,26.83,,,7
S,19.25,,,7
S,19.96,,,7
S,26.07,,,7
S,19.69,,,7
V,44.22,,,7
V,149.80,,,18
S,146.68,,,18
S,143.65,,,18
V,173.27,,,18
S,55.68,,,8
S,41.95,,,8
V,10.50,,,9
V,36.92,,,8
S,27.84,,,8
S,63.66,,,8
V,109.60,,,8
V,35.45,,,9
S,28.18,,,8
V,123.53,,,9
V,52.48,,,8
V,97.08,,,9
S,64.58,,,8
V,68.35,,,8
S,68.96,,,8
S,57.22,,,8
S,79.99,,,8
V,78.31,,,8
V,27.62,,,8
S,125.24,,,8
S,98.65,,,7
S,91.43,51,275,9
S,122.93,42,64,9
S,104.53,72,201,8
S,124.27,,,9
S,90.27,71,115,9
V,109.09,26,134,9
S,77.34,52,,9
V,80.58,59,177,9
S,67.29,69,,9
V,13.79,58,158,8
V,70.92,73,229,9
S,107.34,49,242,9
V,49.89,98,400,9
S,106.96,74,297,9
V,126.58,53,154,8
S,52.75,58,149,9
V,95.59,50,136,9
V,101.85,29,98,9
S,131.32,46,205,9
V,102.04,111,277,9
V,107.91,67,113,9
S,71.05,66,223,8
S,81.52,79,139,9
S,106.37,86,303,9
V,80.84,53,,9
S,102.74,62,176,9
S,214.29,50,215,9
V,140.19,59,176,9
V,145.45,51,99,11
V,88.44,36,,11
S,134.53,31,62,10
S,154.15,27,102,10
V,89.07,46,73,10
S,71.56,43,81,10
V,66.44,23,155,10
V,97.53,31,112,10
V,72.45,44,,10
V,133.33,45,,10
V,132.87,57,130,9
S,134.74,38,143,10
V,88.29,49,120,9
S,91.12,42,79,10
S,135.21,57,111,10
S,133.69,42,253,10
S,114.58,58,175,10
S,52.14,,,9
S,94.22,62,161,10
S,115.20,,,10
V,142.72,37,213,10
S,136.20,,,10
S,86.15,,,10
S,132.28,,,10
S,136.99,,,9
V,95.95,,,11
V,66.84,,,11
S,108.60,,,11
V,110.90,,,11
V,78.94,,,11
V,113.56,,,11
S,144.02,,,11
S,130.08,,,11
S,152.57,,,11
S,67.81,,,11
V,41.81,,,11
S,42.10,,,11
S,126.35,,,11
V,112.92,,,12
V,103.41,,,11
V,106.84,,,12
V,122.81,,,11
V,142.54,,,11
V,98.64,,,11
V,122.58,,,11
V,81.00,,,11
S,130.32,,,11
S,130.78,,,11
S,119.06,,,11
V,174.55,,,12
V,122.64,,,12
V,156.47,,,12
V,91.93,,,12
V,152.72,,,12
V,118.98,,,12
S,122.03,,,12
V,76.84,,,12
V,119.96,,,12
S,137.89,,,12
S,84.35,,,12
V,130.71,,,12
V,141.56,,,12
S,124.52,,,12
V,112.65,,,14
S,171.15,,,12
V,145.79,,,13
S,129.42,,,12
S,112.33,,,13
V,103.64,,,13
S,139.53,,,13
S,97.52,,,14
V,119.16,,,13
S,110.30,,,13
S,79.26,,,13
S,135.33,,,13
V,101.63,,,13
S,128.29,,,13
S,155.08,,,13
V,136.68,,,13
V,134.55,,,13
V,91.08,,,13
V,73.88,,,13
S,127.49,,,14
V,139.79,,,13
S,127.01,,,14
S,137.23,,,14
V,143.68,,,15
S,115.62,,,13
V,133.63,,,14
S,164.84,,,14
S,148.37,,,14
S,141.76,,,13
V,154.09,,,14
V,75.76,,,14
V,154.61,,,14
V,115.80,,,15
V,163.30,,,14
V,174.01,,,14
S,174.69,,,14
S,113.95,,,13
S,127.81,,,14
S,137.53,,,14
S,161.15,,,14
V,139.79,,,14
V,177.51,,,14
V,112.30,,,14
V,140.82,,,14
V,181.52,,,15
V,134.78,,,14
V,117.81,,,15
V,180.72,,,15
v,,47,130,11
s,,53,142,11
s,,51,103,11
v,,32,110,11
v,,37,168,12
v,,48,135,11
V,92.95,,,9
v,,37,57,12
s,,46,78,11
v,,44,87,11
s,,39,74,11
s,,30,78,11
s,,37,90,11
v,,35,220,9
v,,75,248,9
v,,44,,10
v,,59,,9
S,88.24,,,10
s,,57,159,9
s,,51,111,9
s,,30,87,9
s,,58,84,9
v,,65,385,9
v,,48,136,10
s,,42,99,9
s,,36,107,9
v,,34,134,9
v,,45,,9
S,92.36,,,9
s,,56,168,10
s,,55,,7
s,,53,108,10
s,,72,98,10
s,,53,190,9
s,,55,201,10
s,,85,165,8
v,,52,247,10
v,,75,145,10
v,,35,,9
S,85.20,,,9
s,,70,178,8
s,,79,252,8
s,,78,148,8
v,,68,137,8
s,,64,,8
v,,38,67,11
v,,60,108,11
s,,53,82,11
s,,40,62,12
s,,42,61,11
V,88.60,,,9
s,,40,72,12
v,,54,97,11
v,,47,75,11
v,,59,88,12
s,,33,76,11
s,,31,60,11
s,,62,244,11
s,,37,95,12
s,,22,68,12
s,,39,101,13
V,111.91,,,10
S,112.16,,,9
s,,29,93,12
s,,37,62,12
s,,32,51,12
s,,46,169,12
s,,80,124,12
s,,37,129,12
v,,38,121,12
s,,38,160,12
S,122.59,,,9
S,134.17,,,9
S,77.15,,,9
S,92.13,,,9
S,116.54,,,9
S,87.73,,,9
S,116.83,,,9
S,55.10,,,9
V,58.28,,,9
V,85.48,,,9
V,67.85,,,9
V,120.88,,,9
V,99.10,,,10
V,81.03,,,9
S,54.05,,,7
S,56.27,,,7
S,34.86,,,7
S,66.05,,,7
V,69.34,56,203,10
V,107.73,31,227,10
S,44.63,64,,8
V,32.24,61,,8
V,100.92,44,,8
V,37.56,84,195,9
S,42.53,67,484,8
V,45.88,54,,8
V,50.20,56,,9
V,94.24,,,8
S,,,,8
V,93.66,27,106,10
V,8.51,49,,8
V,,,,7
V,92.97,38,,14
V,95.49,53,184,14
V,110.56,56,,12
V,43.74,80,,11
V,141.98,31,,12
V,45.04,76,,9
V,67.40,37,191,10
V,43.65,44,,11
V,44.16,56,60,10
V,42.02,85,,9
V,43.59,66,209,9
V,67.18,42,,10
V,112.44,56,,13
V,149.43,25,125,17
S,155.52,28,48,12
V,112.46,45,142,16
V,76.62,25,,16
S,75.55,36,,19
S,134.67,30,64,18
V,40.54,41,149,12
V,96.94,52,72,13
V,103.12,51,102,14
V,110.53,34,72,18
V,106.85,26,60,14
V,118.88,34,107,15
V,116.10,35,138,14
V,74.57,42,103,14
,116.91,,,
V,100.61,47,,15
V,96.77,29,60,14
V,53.13,75,221,11
V,136.70,28,130,17
S,92.14,40,121,10
V,45.54,82,,10
V,91.32,55,267,9
V,88.13,45,,9
V,58.35,48,99,11
V,71.10,25,80,12
V,88.46,46,,16
V,57.82,67,185,9
S,112.46,38,100,17
S,81.07,39,117,10
S,95.33,33,108,12
V,76.38,40,88,12
V,67.06,52,,14
S,86.92,51,95,16
V,171.70,46,98,12
V,87.92,40,71,15
V,127.56,31,60,12
V,92.25,38,328,15
V,132.82,64,,14
V,109.82,23,122,14
V,83.08,66,130,11
V,139.46,39,72,15
V,85.98,53,143,13
V,91.28,42,102,15
S,112.77,25,,15
S,90.99,61,135,15
V,66.56,54,,14
V,151.57,39,70,15
V,90.94,40,,11
V,102.99,33,69,11
V,121.89,31,40,12
V,36.34,25,61,12
V,76.97,41,116,12
V,109.77,33,99,11
S,80.77,38,80,11
V,103.61,57,66,11
V,97.33,77,,12
V,135.96,50,297,15
V,112.34,57,184,11
S,124.34,69,137,9
S,108.00,89,144,9
S,121.57,49,76,8
S,72.65,71,,9
S,30.71,57,189,9
V,142.70,,,13
V,153.94,,,12
V,101.67,,,12
V,109.64,,,12
V,117.59,,,13
S,136.06,,,12
S,175.68,,,12
S,75.13,57,166,8
S,124.62,60,108,8
S,27.73,87,227,8
V,28.46,50,,8
V,33.43,117,251,8
S,76.07,100,136,8
V,103.71,65,132,9
V,77.02,82,174,9
S,71.48,65,128,9
S,42.76,91,185,8
S,60.96,49,201,8
S,148.58,25,58,18
V,99.74,37,,11
S,134.72,36,67,18
S,121.30,35,74,18
S,174.67,28,59,17
S,139.61,27,101,18
S,152.64,48,76,17
V,148.68,30,74,18
S,142.60,39,76,18
S,149.06,,,12
S,59.07,,,13
V,85.22,,,11
S,167.15,38,65,18
S,118.90,30,57,11
S,116.64,56,246,11
S,84.60,50,94,12
V,156.91,29,50,18
S,130.65,36,153,11
S,117.32,73,85,11
S,128.88,45,158,11
S,144.75,45,116,11
S,116.87,,,16
S,163.87,23,48,17
S,163.52,32,71,17
V,153.94,,,11
V,69.12,,,11
V,107.35,,,11
V,99.88,,,12
V,95.15,,,13
V,113.87,,,11
V,128.90,,,13
S,106.34,,,13
S,171.65,,,14
S,163.45,31,55,17
S,138.54,23,48,14
S,176.07,44,68,14
V,161.09,,,15
V,154.55,,,15
S,153.54,29,54,14
S,146.89,24,40,14
S,144.04,26,47,14
S,131.72,28,77,15
S,173.33,34,84,14
V,94.03,42,99,14
S,142.34,32,143,14
S,163.35,34,83,17
S,128.93,22,49,17
S,166.48,,,15
V,162.98,,,15
V,73.42,,,15
S,142.68,36,130,17
S,115.16,29,69,14
S,108.89,38,76,16
V,103.41,,,15
V,23.60,80,,7
V,106.66,,,16
V,153.30,,,14
S,43.99,87,270,7
S,40.48,81,207,7
S,17.19,80,,7
V,24.84,173,388,7
V,77.94,44,,9
V,62.59,78,,9
V,40.98,53,,9
S,103.68,75,105,9
V,62.89,52,167,9
S,64.83,53,125,10
V,70.35,63,182,10
V,54.85,71,,9
V,75.65,67,184,9
V,42.87,57,165,9
V,96.76,27,,10
S,72.99,57,189,8
S,97.97,82,135,8
V,57.40,82,191,8
S,65.75,69,159,8
S,110.49,63,209,8
S,61.19,74,181,8
S,83.72,57,163,8
S,28.05,82,249,8
S,52.17,49,,8
S,102.94,93,,8
V,33.91,56,,7
V,15.15,62,,7
S,60.27,90,,9
S,34.34,54,202,7
V,38.88,46,,7
V,18.69,103,,7
S,45.00,79,397,7
S,14.91,70,335,7
S,48.21,49,144,7
S,49.14,84,,6
S,28.44,115,,7
V,40.83,74,120,7
V,42.62,51,,10
S,109.40,48,190,9
V,95.77,,,13
V,168.55,,,13
S,134.96,,,12
V,155.72,,,15
S,115.10,,,12
S,153.30,,,12
V,115.44,,,14
S,163.35,,,11
V,129.50,,,11
S,153.03,,,12
V,117.36,31,69,10
V,74.05,43,90,11
V,75.82,60,94,10
V,98.72,70,,10
S,72.96,79,218,9
V,60.78,83,,9
S,84.85,70,149,9
S,150.49,,,14
S,143.30,,,11
S,132.86,,,11
V,158.28,,,14
S,135.58,,,13
S,171.43,23,103,14
V,137.40,33,97,17
S,151.16,34,150,17
S,141.59,39,97,17
S,134.02,26,44,17
S,134.42,51,89,14
S,144.51,31,61,14
V,125.10,,,14
V,113.26,,,14
V,133.04,,,13
V,147.25,,,13
S,149.91,,,15
S,167.90,,,16
S,130.97,,,15
S,155.05,,,15
V,81.15,,,16
S,131.78,,,13
S,98.65,,,15
V,99.91,,,13
V,117.84,,,14
V,126.60,,,13
V,90.37,,,13
S,160.54,,,13
S,172.53,,,13
S,118.75,,,13
S,112.58,,,12
S,95.88,,,12
S,158.92,25,53,14
S,161.90,31,42,14
S,164.56,19,41,18
S,164.26,24,79,18
S,139.04,23,50,18
S,143.38,33,50,18
S,171.05,29,41,18
S,165.74,27,108,18
V,166.45,61,93,14
S,146.15,42,75,14
S,119.19,46,256,15
V,91.98,27,,11
V,114.37,58,108,11
S,92.45,48,100,11
V,84.78,34,154,11
V,123.22,38,63,11
V,95.32,41,102,11
V,98.73,44,62,11
V,96.45,33,121,10
V,92.77,38,89,10
V,101.18,,,12
S,116.42,,,12
V,130.35,,,16
S,149.83,,,15
S,131.66,,,15
S,151.51,,,15
S,146.81,,,15
V,176.51,,,18
V,196.28,,,18
V,154.42,,,17
S,149.05,,,17
V,163.83,,,17
V,150.58,,,17
V,136.84,,,17
V,121.50,,,18
S,172.95,,,17
V,111.42,,,16
S,157.13,,,16
S,170.72,,,16
S,127.87,,,14
S,15.85,,,7
S,33.71,,,7
S,41.86,,,7
S,17.36,,,7
V,36.65,,,7
V,24.74,,,7
V,37.94,,,7
V,51.26,,,9
V,110.43,,,9
V,82.17,,,9
S,92.16,,,9
S,88.36,,,9
S,63.89,,,9
V,113.47,,,10
S,100.31,,,9
V,102.25,,,10
V,100.06,,,10
S,87.10,,,10
V,104.28,,,10
V,98.65,,,10
S,142.96,,,13
V,103.15,,,14
V,127.41,,,13
V,137.18,,,13
V,136.67,,,13
V,105.30,,,13
S,162.74,,,13
V,122.92,32,108,11
V,98.19,29,60,11
V,68.84,63,243,11
V,127.28,52,183,11
V,82.89,46,123,11
V,72.59,40,139,12
V,94.09,43,65,11
S,128.54,,,12
V,114.05,,,13
V,102.54,59,193,12
V,139.78,47,157,11
V,125.60,29,86,11
S,132.32,45,117,16
S,109.09,59,88,16
V,139.53,22,70,16
S,172.95,20,41,16
S,125.00,33,66,16
S,150.67,30,99,16
S,144.72,67,101,16
S,148.57,42,125,16
S,141.02,,,11
S,157.36,40,54,17
V,77.56,,,11
V,109.88,,,11
V,70.93,,,12
V,140.64,,,12
V,94.59,,,12
V,127.60,25,75,17
V,128.85,33,50,15
S,127.37,26,59,15
S,138.33,35,75,15
S,71.54,,,9
S,129.63,,,9
V,111.33,,,9
S,66.60,,,9
V,104.22,,,9
V,101.80,,,9
V,71.71,,,9
V,51.09,,,9
S,111.97,,,9
S,59.97,,,10
S,107.08,,,9
S,97.42,,,9
S,100.68,,,9
V,90.07,,,9
S,99.74,,,10
V,60.42,,,9
S,99.70,,,9
S,54.39,,,9
S,73.94,,,9
V,45.62,,,9
V,60.44,,,9
V,62.26,,,9
V,66.62,,,10
S,111.86,,,10
S,136.60,,,9
V,85.13,,,10
V,83.24,,,9
V,68.62,,,10
V,112.25,,,10
S,72.71,,,10
S,101.71,,,10
V,133.20,,,11
S,85.29,,,10
S,109.86,,,10
S,111.30,,,10
V,102.94,,,10
S,154.03,,,10
S,69.31,,,9
S,116.46,,,9
S,83.34,,,9
V,92.38,,,9
S,102.79,,,9
S,68.68,,,9
V,83.47,,,9
V,113.32,,,9
S,82.80,,,9
V,54.50,,,9
S,128.47,,,9
V,112.13,,,9
S,99.95,,,9
S,98.76,,,10
S,101.35,,,10
S,119.12,,,11
S,91.20,,,10
S,116.21,,,10
V,73.32,,,10
S,115.40,,,10
S,92.78,,,10
S,136.06,,,11
V,119.16,,,10
V,105.70,,,10
V,99.36,,,8
V,98.61,,,10
S,101.05,,,10
S,62.78,,,7
V,108.49,,,8
V,93.61,,,8
V,65.12,,,8
V,45.46,,,8
V,69.16,,,9
S,60.80,,,8
S,85.14,,,8
V,87.99,,,8
S,80.86,,,9
S,63.60,,,8
S,45.75,,,7
V,54.04,,,7
V,34.25,,,7
V,76.88,,,8
S,43.51,,,7
S,81.27,,,7
S,52.28,,,7
V,71.42,,,7
V,107.08,,,7
s,55.12,,,7
S,64.27,,,7
S,66.55,,,7
V,33.11,,,7
V,39.50,,,7
S,60.93,,,7
S,93.03,,,9
V,47.85,,,7
S,68.19,,,7
S,40.72,,,7
S,67.03,,,7
S,56.52,,,8
V,79.27,,,8
S,85.51,,,8
S,54.80,,,8
V,75.20,,,9
S,105.69,,,8
V,82.35,,,8
S,114.34,,,8
S,82.11,,,7
S,18.12,,,7
S,70.13,,,7
S,62.50,,,7
V,60.50,,,7
S,37.97,,,8
V,80.85,,,7
V,66.70,,,7
S,45.82,,,7
V,34.20,,,7
S,91.32,,,7
S,27.17,,,7
V,40.84,,,8
S,100.58,,,10
S,153.38,,,15
S,130.56,,,16
V,176.12,,,16
V,164.23,,,15
S,162.30,,,15
S,174.06,,,15
S,73.86,,,9
V,104.45,,,15
V,113.90,,,15
S,139.25,,,15
V,156.98,,,15
V,151.00,,,15
S,145.08,,,16
S,161.89,,,16
V,89.35,,,8
S,132.38,,,15
S,149.69,,,16
S,144.78,,,17
V,148.25,,,16
S,180.03,,,16
S,162.70,,,16
V,118.06,,,17
S,155.13,,,16
V,128.08,,,16
V,153.76,,,16
V,134.97,,,18
S,178.35,,,16
V,154.30,,,16
V,160.62,,,16
V,153.43,,,16
S,158.09,,,15
S,178.39,,,15
S,140.48,,,15
V,145.20,,,15
V,113.32,,,15
V,156.59,,,16
S,149.83,,,16
S,175.45,,,16
V,135.18,,,16
V,146.26,,,17
S,163.00,,,16
V,156.06,,,16
V,139.95,,,16
V,246.68,,,17
V,189.81,,,16
S,162.57,,,17
S,144.60,,,16
S,173.82,,,17
V,175.48,,,18
S,139.83,,,18
S,138.58,,,18
S,172.09,,,18
V,170.99,,,19
V,174.16,,,18
S,198.78,,,18
S,160.44,,,18
S,134.96,,,18
S,202.82,,,18
V,150.03,,,18
S,154.53,,,19
S,156.56,,,18
S,183.00,,,15
S,183.67,,,15
S,182.61,,,15
V,133.07,,,15
V,146.34,,,16
V,137.86,,,16
S,146.07,,,15
V,143.45,,,15
S,179.35,,,16
S,162.77,,,15
V,153.94,,,15
V,124.07,,,15
V,161.18,,,15
V,162.16,,,15
V,149.07,,,15
V,150.17,,,15
S,154.83,,,16
S,149.14,,,18
V,164.11,,,19
V,112.02,,,15
V,152.70,,,13
V,173.04,,,17
V,170.53,,,17
V,193.50,,,17
S,208.89,,,16
S,141.81,,,11
V,155.69,,,17
V,126.38,,,17
S,100.03,,,8
V,54.69,,,7
V,78.16,,,9
V,59.01,,,7
S,102.60,,,7
S,19.57,,,7
V,50.57,,,7
S,73.54,,,8
V,42.62,,,7
V,22.10,,,7
V,125.94,,,7
S,39.52,,,7
S,30.54,,,7
V,62.41,,,9
S,37.24,,,7
S,69.29,,,7
S,27.00,,,7
S,53.84,,,8
V,24.15,,,7
S,45.48,,,6
S,8.92,,,7
V,24.31,,,7
S,47.63,,,7
S,26.70,,,7
S,109.38,,,10
S,61.54,,,7
S,17.71,,,7
S,27.09,,,7
S,91.07,,,7
V,13.64,,,6
S,55.52,,,8
V,31.82,,,7
V,110.29,,,7
V,103.69,,,7
V,29.13,,,7
S,134.82,,,9
V,49.85,,,7
S,123.74,,,12
S,113.90,,,13
S,134.05,,,12
S,137.84,,,12
S,134.24,,,12
S,151.24,,,12
S,140.07,,,12
V,138.07,,,12
S,154.38,,,12
S,114.27,,,9
S,123.62,,,12
S,120.67,,,12
S,131.81,,,12
S,108.39,,,12
S,133.22,53,139,11
V,103.06,60,118,11
V,92.42,54,100,10
S,111.91,40,78,10
V,124.84,60,143,10
S,106.69,57,102,10
V,66.57,,,10
S,114.04,54,157,10
V,68.30,59,254,10
V,104.43,43,127,10
V,108.18,82,111,10
S,134.25,48,95,10
S,128.93,55,193,11
V,77.55,62,157,10
V,64.97,34,133,10
V,79.72,49,120,10
V,76.62,105,156,10
S,26.64,,,7
S,55.28,,,7
S,38.43,,,7
S,85.46,,,7
S,36.85,,,7
S,34.70,,,7
S,41.32,,,7
S,65.82,,,7
V,42.92,,,8
V,19.84,,,7
V,33.30,,,8
V,18.15,,,8
V,27.26,,,7
V,134.76,,,7
V,29.67,,,7
V,47.48,,,7
S,96.30,,,10
V,96.59,,,10
V,70.18,,,10
S,88.06,,,10
V,117.16,,,11
V,95.88,,,10
V,134.04,,,10
V,118.03,,,10
V,68.01,,,10
S,125.34,,,11
V,121.51,,,10
S,97.91,,,10
S,106.33,,,11
S,110.36,,,10
V,67.65,,,11
S,94.18,,,10
S,157.32,,,10
V,131.21,,,10
V,83.58,,,10
V,115.06,,,11
V,133.96,,,10
V,54.69,,,10
S,86.74,,,10
V,32.28,,,7
V,69.90,,,7
V,89.93,,,7
V,34.84,,,7
V,67.20,,,7
S,70.84,,,7
S,108.54,,,8
S,80.86,,,7
S,37.89,,,7
S,47.82,,,6
S,46.49,,,7
S,44.64,,,7
S,92.45,,,7
V,46.90,,,9
V,41.21,,,9
S,135.21,,,9
S,117.00,,,9
V,97.80,,,10
S,82.80,,,9
V,47.21,,,10
S,116.97,,,9
V,136.83,,,9
S,109.88,,,9
V,73.90,,,9
S,91.18,,,9
S,78.42,,,9
S,102.16,,,9
V,112.03,,,10
V,90.12,,,10
S,107.68,,,9
S,136.22,,,9
V,60.80,,,9
V,82.24,,,8
S,115.86,,,8
S,101.51,,,8
S,64.54,,,9
V,118.59,,,8
V,127.13,,,9
V,53.11,,,9
V,91.52,,,8
V,127.82,,,8
,78.73,,,
S,,,,8
S,,48,133,9
S,,73,105,10
S,,103,256,8
V,,25,187,9
S,,62,90,9
S,,36,172,9
V,,39,149,9
V,,32,219,9
S,,54,197,9
V,,55,,7
V,,56,,7
S,,68,,7
V,,57,254,8
V,,134,,7
V,,56,,8
S,,95,,8
S,,331,,7
S,,447,,7
S,,,,7
V,,60,151,6
S,,64,198,8
V,,137,,7
V,,79,,7
V,,58,,7
S,,70,,8
S,,85,,8
S,,74,,8
S,,75,,8
V,,46,,9
V,,48,71,10
V,,39,187,10
V,,40,82,11
S,,80,,8
V,,59,,11
S,,59,88,11
V,,25,127,10
V,,64,,11
S,,48,160,11
S,,51,136,10
S,,83,,10
V,,48,259,10
V,,48,136,10
V,,30,43,15
S,,39,63,15
S,,41,127,10
V,,56,130,15
V,,29,78,16
V,,42,83,15
S,,38,103,9
S,,78,317,9
S,,61,196,10
V,,33,51,15
V,,21,68,15
V,,28,85,12
V,,41,,12
S,,40,105,11
V,,39,,11
V,,35,120,12
V,,59,204,12
S,,58,122,11
S,,44,81,11
S,,49,67,11
V,,47,143,12
S,,29,67,11
S,,46,225,11
S,,49,112,11
V,,26,66,12
V,,43,126,14
S,,44,118,13
S,,34,141,13
V,,25,59,13
S,,26,70,14
V,,36,152,15
V,,41,56,13
S,149.88,,,12
S,69.40,,,13
V,127.76,,,12
V,125.66,,,13
V,105.25,,,12
S,110.56,,,13
V,158.47,,,12
S,123.98,,,12
S,140.49,,,13
V,150.90,,,12
S,158.09,,,13
V,188.77,,,12
V,110.46,,,13
S,132.23,,,13
V,153.19,,,13
V,140.83,,,13
S,124.86,,,13
S,132.93,,,13
S,163.69,,,13
S,155.53,,,14
S,158.15,,,12
V,113.34,,,11
S,112.37,,,11
S,83.38,,,11
S,92.18,,,11
S,119.95,,,11
V,91.92,,,11
S,127.93,,,11
V,109.86,,,11
V,87.35,,,13
V,140.19,,,11
V,111.37,,,13
V,168.43,,,14
S,112.52,,,15
V,117.91,,,15
V,156.19,,,15
S,163.81,,,14
V,132.00,,,14
V,124.13,,,14
V,130.05,,,14
V,147.41,,,15
S,187.27,,,14
V,104.29,,,15
S,166.06,,,14
S,171.54,,,14
V,139.66,,,15
S,162.57,,,13
S,183.82,,,14
S,145.66,,,14
S,120.96,,,11
S,178.70,,,15
V,143.09,,,14
V,141.88,,,15
V,178.49,,,14
V,137.67,,,15
V,115.23,,,15
V,165.45,,,15
V,115.77,,,12
S,179.15,,,12
V,119.25,,,11
S,138.81,,,14
S,127.82,,,14
V,132.40,,,12
V,152.39,,,12
S,100.34,,,12
S,131.12,,,14
V,165.64,,,13
V,110.03,,,12
V,184.77,,,12
V,58.00,,,11
V,96.74,,,11
V,114.10,,,11
S,142.21,,,11
S,164.25,,,11
V,77.64,,,11
V,112.90,,,12
V,155.16,,,12
V,141.92,,,11
V,205.59,,,14
S,151.67,,,13
S,127.97,,,14
V,164.95,,,13
S,140.78,,,13
V,132.86,,,13
V,135.59,,,13
V,111.95,,,13
V,135.54,,,13
V,127.95,,,14
V,155.45,,,13
S,123.11,,,13
S,135.14,,,13
S,146.75,,,13
S,147.70,,,13
S,124.40,,,15
S,178.51,,,15
S,150.38,,,16
S,161.16,,,15
S,185.67,,,14
V,184.40,,,15
S,,51,110,10
S,,40,152,9
S,,44,84,9
V,,54,,9
S,,65,,9
S,,54,172,9
S,,40,249,10
S,,20,53,10
V,,43,,9
V,,62,,9
S,,51,170,10
V,,32,82,9
V,,55,120,9
S,,40,220,9
S,,40,95,10
S,,34,71,10
V,,38,,9
S,,54,157,9
S,,47,77,12
S,,36,56,13
V,,36,,14
V,,27,97,12
V,,25,88,12
S,,36,73,13
V,,40,132,12
S,,40,126,15
V,,31,80,14
V,,58,90,14
S,,25,62,10
V,,37,77,10
S,,55,98,9
V,,46,,9
S,,50,101,9
S,,48,230,10
S,,64,176,9
S,,47,200,9
S,,43,188,8
S,,48,121,8
V,,33,78,9
S,,69,173,8
V,,55,116,8
S,,48,,8
S,,79,145,9
V,,68,94,10
S,,53,,9
V,,31,169,10
V,,42,86,11
V,,58,130,10
V,,39,134,11
V,,48,84,10
V,,56,,10
S,,36,105,10
S,,40,76,10
S,,37,72,10
S,,28,147,8
S,,94,,7
S,,79,,7
S,,39,219,7
S,,80,,8
S,,46,92,8
S,,93,223,8
V,,33,242,9
S,,38,98,8
S,,49,232,8
V,,51,75,8
S,,77,,8
V,,40,64,15
V,,36,,9
V,,41,87,15
S,,29,64,15
V,,25,64,13
V,,31,,13
V,,27,118,13
V,,35,118,13
,,,,
,,,,
